-- phpMyAdmin SQL Dump
-- version 5.2.0
-- https://www.phpmyadmin.net/
--
-- Host: localhost
-- Generation Time: Nov 13, 2022 at 10:33 PM
-- Server version: 10.4.21-MariaDB
-- PHP Version: 7.4.29

SET SQL_MODE = "NO_AUTO_VALUE_ON_ZERO";
START TRANSACTION;
SET time_zone = "+00:00";


/*!40101 SET @OLD_CHARACTER_SET_CLIENT=@@CHARACTER_SET_CLIENT */;
/*!40101 SET @OLD_CHARACTER_SET_RESULTS=@@CHARACTER_SET_RESULTS */;
/*!40101 SET @OLD_COLLATION_CONNECTION=@@COLLATION_CONNECTION */;
/*!40101 SET NAMES utf8mb4 */;

--
-- Database: `slotify`
--

-- --------------------------------------------------------

--
-- Table structure for table `albums`
--

CREATE TABLE `albums` (
  `id` int(11) NOT NULL,
  `title` varchar(250) NOT NULL,
  `artist` int(11) NOT NULL,
  `genre` int(11) NOT NULL,
  `artworkPath` varchar(500) NOT NULL
) ENGINE=InnoDB DEFAULT CHARSET=latin1;

--
-- Dumping data for table `albums`
--

INSERT INTO `albums` (`id`, `title`, `artist`, `genre`, `artworkPath`) VALUES
(1, 'Lagu Kebangsaan', 2, 6, 'assets/images/artwork/indonesia.png'),
(5, 'Hymne', 1, 6, 'assets/images/artwork/unpad.png');

-- --------------------------------------------------------

--
-- Table structure for table `artists`
--

CREATE TABLE `artists` (
  `id` int(11) NOT NULL,
  `name` varchar(50) NOT NULL
) ENGINE=InnoDB DEFAULT CHARSET=latin1;

--
-- Dumping data for table `artists`
--

INSERT INTO `artists` (`id`, `name`) VALUES
(1, 'Universitas Padjadjaran'),
(2, 'Indonesia');

-- --------------------------------------------------------

--
-- Table structure for table `genres`
--

CREATE TABLE `genres` (
  `id` int(11) NOT NULL,
  `name` varchar(50) NOT NULL
) ENGINE=InnoDB DEFAULT CHARSET=latin1;

--
-- Dumping data for table `genres`
--

INSERT INTO `genres` (`id`, `name`) VALUES
(1, 'Rock'),
(2, 'Pop'),
(3, 'Hip-hop'),
(4, 'Rap'),
(5, 'R & B'),
(6, 'Classical'),
(7, 'Techno'),
(8, 'Jazz'),
(9, 'Folk'),
(10, 'Country');

-- --------------------------------------------------------

--
-- Table structure for table `playlists`
--

CREATE TABLE `playlists` (
  `id` int(11) NOT NULL,
  `name` varchar(50) NOT NULL,
  `owner` varchar(50) NOT NULL,
  `dateCreated` datetime NOT NULL
) ENGINE=InnoDB DEFAULT CHARSET=latin1;

--
-- Dumping data for table `playlists`
--

INSERT INTO `playlists` (`id`, `name`, `owner`, `dateCreated`) VALUES
(2, 'Playlist2', 'reece-kenney', '2017-08-27 00:00:00'),
(3, 'Running Songs', 'reece-kenney', '2017-08-27 00:00:00'),
(4, 'Classics', 'reece-kenney', '2017-08-27 00:00:00'),
(5, 'Party', 'reece-kenney', '2017-08-27 00:00:00'),
(6, 'This is a test', 'reece-kenney', '2017-12-04 00:00:00'),
(7, 'Bulldozer', 'reece-kenney', '2017-12-04 00:00:00');

-- --------------------------------------------------------

--
-- Table structure for table `playlistSongs`
--

CREATE TABLE `playlistSongs` (
  `id` int(11) NOT NULL,
  `songId` int(11) NOT NULL,
  `playlistId` int(11) NOT NULL,
  `playlistOrder` int(11) NOT NULL
) ENGINE=InnoDB DEFAULT CHARSET=latin1;

--
-- Dumping data for table `playlistSongs`
--

INSERT INTO `playlistSongs` (`id`, `songId`, `playlistId`, `playlistOrder`) VALUES
(6, 17, 2, 4),
(8, 16, 5, 0),
(9, 15, 3, 0),
(10, 14, 4, 0),
(11, 17, 3, 1),
(12, 16, 3, 2),
(13, 16, 5, 1),
(14, 14, 3, 3),
(15, 5, 5, 2),
(16, 23, 4, 1),
(17, 6, 2, 5),
(18, 29, 3, 4);

-- --------------------------------------------------------

--
-- Table structure for table `songs`
--

CREATE TABLE `songs` (
  `id` int(11) NOT NULL,
  `title` varchar(250) NOT NULL,
  `artist` int(11) NOT NULL,
  `album` int(11) NOT NULL,
  `genre` int(11) NOT NULL,
  `duration` varchar(8) NOT NULL,
  `path` varchar(500) NOT NULL,
  `albumOrder` int(11) NOT NULL,
  `plays` int(11) NOT NULL
) ENGINE=InnoDB DEFAULT CHARSET=latin1;

--
-- Dumping data for table `songs`
--

INSERT INTO `songs` (`id`, `title`, `artist`, `album`, `genre`, `duration`, `path`, `albumOrder`, `plays`) VALUES
(1, 'Indonesia Raya', 2, 1, 6, '1:43', 'assets/music/indonesia-raya.mp3', 1, 2),
(2, 'Mars Himatif FMIPA Unpad', 1, 5, 6, '1:01', 'assets/music/mars-himatif.mp3', 1, 8),
(3, 'Hymne Universitas Padjadjaran', 1, 5, 6, '1:26', 'assets/music/hymne-unpad.mp3', 2, 2),
(4, 'Hymne FMIPA Universitas Padjadjaran', 1, 5, 6, '2:28', 'assets/music/hymne-fmipa.mp3', 3, 1);

-- --------------------------------------------------------

--
-- Table structure for table `users`
--

CREATE TABLE `users` (
  `id` int(11) NOT NULL,
  `username` varchar(25) NOT NULL,
  `firstName` varchar(50) NOT NULL,
  `lastName` varchar(50) NOT NULL,
  `email` varchar(200) NOT NULL,
  `password` varchar(32) NOT NULL,
  `signUpDate` datetime NOT NULL,
  `profilePic` varchar(500) NOT NULL
) ENGINE=InnoDB DEFAULT CHARSET=latin1;

--
-- Dumping data for table `users`
--

INSERT INTO `users` (`id`, `username`, `firstName`, `lastName`, `email`, `password`, `signUpDate`, `profilePic`) VALUES
(1, 'reece-kenney', 'Reece', 'Kenney', 'Reece@gmail.com', '5f4dcc3b5aa765d61d8327deb882cf99', '2017-06-28 00:00:00', 'assets/images/profile-pics/head_emerald.png'),
(2, 'donkey-kong', 'Donkey', 'Kong', 'Dk@yahoo.com', '7c6a180b36896a0a8c02787eeafb0e4c', '2017-06-28 00:00:00', 'assets/images/profile-pics/head_emerald.png'),
(3, 'simon-cowell', 'Simon', 'Cowell', 'Simon@gmail.com', '5f4dcc3b5aa765d61d8327deb882cf99', '2017-10-29 00:00:00', 'assets/images/profile-pics/head_emerald.png'),
(4, 'simon-cowell1', 'Simon', 'Cowell', 'Simon1@gmail.com', 'password', '2017-11-14 00:00:00', 'assets/images/profile-images/head-emerald.png'),
(5, 'simon-cowell2', 'Simon', 'Cowell', 'Simon2@gmail.com', 'password', '2017-11-15 00:00:00', 'assets/images/profile-images/head-emerald.png'),
(6, 'Simon-cowell10', 'Reece', 'Kenney', 'Reecekenney50111@gmail.com', '5f4dcc3b5aa765d61d8327deb882cf99', '2017-11-16 00:00:00', 'assets/images/profile-pics/head_emerald.png');

--
-- Indexes for dumped tables
--

--
-- Indexes for table `albums`
--
ALTER TABLE `albums`
  ADD PRIMARY KEY (`id`);

--
-- Indexes for table `artists`
--
ALTER TABLE `artists`
  ADD PRIMARY KEY (`id`);

--
-- Indexes for table `genres`
--
ALTER TABLE `genres`
  ADD PRIMARY KEY (`id`);

--
-- Indexes for table `playlists`
--
ALTER TABLE `playlists`
  ADD PRIMARY KEY (`id`);

--
-- Indexes for table `playlistSongs`
--
ALTER TABLE `playlistSongs`
  ADD PRIMARY KEY (`id`);

--
-- Indexes for table `songs`
--
ALTER TABLE `songs`
  ADD PRIMARY KEY (`id`);

--
-- Indexes for table `users`
--
ALTER TABLE `users`
  ADD PRIMARY KEY (`id`);

--
-- AUTO_INCREMENT for dumped tables
--

--
-- AUTO_INCREMENT for table `albums`
--
ALTER TABLE `albums`
  MODIFY `id` int(11) NOT NULL AUTO_INCREMENT, AUTO_INCREMENT=8;

--
-- AUTO_INCREMENT for table `artists`
--
ALTER TABLE `artists`
  MODIFY `id` int(11) NOT NULL AUTO_INCREMENT, AUTO_INCREMENT=6;

--
-- AUTO_INCREMENT for table `genres`
--
ALTER TABLE `genres`
  MODIFY `id` int(11) NOT NULL AUTO_INCREMENT, AUTO_INCREMENT=11;

--
-- AUTO_INCREMENT for table `playlists`
--
ALTER TABLE `playlists`
  MODIFY `id` int(11) NOT NULL AUTO_INCREMENT, AUTO_INCREMENT=8;

--
-- AUTO_INCREMENT for table `playlistSongs`
--
ALTER TABLE `playlistSongs`
  MODIFY `id` int(11) NOT NULL AUTO_INCREMENT, AUTO_INCREMENT=19;

--
-- AUTO_INCREMENT for table `songs`
--
ALTER TABLE `songs`
  MODIFY `id` int(11) NOT NULL AUTO_INCREMENT, AUTO_INCREMENT=32;

--
-- AUTO_INCREMENT for table `users`
--
ALTER TABLE `users`
  MODIFY `id` int(11) NOT NULL AUTO_INCREMENT, AUTO_INCREMENT=7;
COMMIT;

/*!40101 SET CHARACTER_SET_CLIENT=@OLD_CHARACTER_SET_CLIENT */;
/*!40101 SET CHARACTER_SET_RESULTS=@OLD_CHARACTER_SET_RESULTS */;
/*!40101 SET COLLATION_CONNECTION=@OLD_COLLATION_CONNECTION */;
